Currency,Date,Time,DateTime
USD,12/31/2024,10:00 AM,31.12.2024 10:00
USD,12/31/2024,11:00 AM,31.12.2024 11:00
EUR,12/30/2024,4:00 AM,30.12.2024 4:00
USD,12/30/2024,10:45 AM,30.12.2024 10:45
USD,12/30/2024,11:00 AM,30.12.2024 11:00
USD,12/26/2024,9:30 AM,26.12.2024 9:30
USD,12/24/2024,9:30 AM,24.12.2024 9:30
USD,12/24/2024,9:30 AM,24.12.2024 9:30
USD,12/24/2024,11:00 AM,24.12.2024 11:00
USD,12/24/2024,11:00 AM,24.12.2024 11:00
EUR,12/22/2024,5:00 AM,22.12.2024 5:00
USD,12/20/2024,9:30 AM,20.12.2024 9:30
USD,12/20/2024,11:00 AM,20.12.2024 11:00
EUR,12/19/2024,4:15 AM,19.12.2024 4:15
EUR,12/19/2024,4:15 AM,19.12.2024 4:15
EUR,12/19/2024,4:30 AM,19.12.2024 4:30
EUR,12/19/2024,4:30 AM,19.12.2024 4:30
EUR,12/19/2024,5:00 AM,19.12.2024 5:00
EUR,12/19/2024,5:00 AM,19.12.2024 5:00
USD,12/19/2024,9:30 AM,19.12.2024 9:30
USD,12/19/2024,9:30 AM,19.12.2024 9:30
USD,12/19/2024,9:30 AM,19.12.2024 9:30
USD,12/19/2024,9:30 AM,19.12.2024 9:30
USD,12/19/2024,11:00 AM,19.12.2024 11:00
USD,12/18/2024,9:30 AM,18.12.2024 9:30
USD,12/18/2024,3:00 PM,18.12.2024 15:00
USD,12/18/2024,3:00 PM,18.12.2024 15:00
USD,12/18/2024,3:00 PM,18.12.2024 15:00
USD,12/18/2024,3:30 PM,18.12.2024 15:30
USD,12/17/2024,9:30 AM,17.12.2024 9:30
USD,12/17/2024,9:30 AM,17.12.2024 9:30
USD,12/16/2024,9:30 AM,16.12.2024 9:30
USD,12/16/2024,10:45 AM,16.12.2024 10:45
USD,12/16/2024,10:45 AM,16.12.2024 10:45
EUR,12/12/2024,9:15 AM,12.12.2024 9:15
EUR,12/12/2024,9:15 AM,12.12.2024 9:15
USD,12/12/2024,9:30 AM,12.12.2024 9:30
USD,12/12/2024,9:30 AM,12.12.2024 9:30
USD,12/12/2024,9:30 AM,12.12.2024 9:30
EUR,12/12/2024,9:45 AM,12.12.2024 9:45
USD,12/12/2024,2:01 PM,12.12.2024 14:01
USD,12/11/2024,9:30 AM,11.12.2024 9:30
USD,12/11/2024,9:30 AM,11.12.2024 9:30
USD,12/11/2024,9:30 AM,11.12.2024 9:30
USD,12/6/2024,9:30 AM,06.12.2024 9:30
USD,12/6/2024,9:30 AM,06.12.2024 9:30
USD,12/6/2024,9:30 AM,06.12.2024 9:30
USD,12/6/2024,11:00 AM,06.12.2024 11:00
USD,12/6/2024,11:00 AM,06.12.2024 11:00
USD,12/5/2024,9:30 AM,05.12.2024 9:30
USD,12/4/2024,9:15 AM,04.12.2024 9:15
USD,12/4/2024,10:45 AM,04.12.2024 10:45
USD,12/4/2024,11:00 AM,04.12.2024 11:00
USD,12/3/2024,11:00 AM,03.12.2024 11:00
USD,12/2/2024,11:00 AM,02.12.2024 11:00
USD,12/2/2024,11:00 AM,02.12.2024 11:00
EUR,11/29/2024,6:00 AM,29.11.2024 6:00
EUR,11/29/2024,6:00 AM,29.11.2024 6:00
USD,11/29/2024,10:45 AM,29.11.2024 10:45
EUR,11/28/2024,4:00 AM,28.11.2024 4:00
USD,11/27/2024,9:30 AM,27.11.2024 9:30
USD,11/27/2024,9:30 AM,27.11.2024 9:30
USD,11/27/2024,9:30 AM,27.11.2024 9:30
USD,11/27/2024,9:30 AM,27.11.2024 9:30
USD,11/27/2024,9:30 AM,27.11.2024 9:30
USD,11/27/2024,11:00 AM,27.11.2024 11:00
USD,11/27/2024,11:00 AM,27.11.2024 11:00
USD,11/27/2024,3:00 PM,27.11.2024 15:00
USD,11/26/2024,10:00 AM,26.11.2024 10:00
USD,11/26/2024,11:00 AM,26.11.2024 11:00
USD,11/26/2024,11:00 AM,26.11.2024 11:00
USD,11/26/2024,11:00 AM,26.11.2024 11:00
EUR,11/22/2024,4:15 AM,22.11.2024 4:15
EUR,11/22/2024,4:15 AM,22.11.2024 4:15
EUR,11/22/2024,4:30 AM,22.11.2024 4:30
EUR,11/22/2024,4:30 AM,22.11.2024 4:30
EUR,11/22/2024,5:00 AM,22.11.2024 5:00
EUR,11/22/2024,5:00 AM,22.11.2024 5:00
USD,11/22/2024,10:45 AM,22.11.2024 10:45
USD,11/22/2024,10:45 AM,22.11.2024 10:45
USD,11/22/2024,11:00 AM,22.11.2024 11:00
EUR,11/21/2024,5:00 AM,21.11.2024 5:00
USD,11/21/2024,9:30 AM,21.11.2024 9:30
USD,11/21/2024,9:30 AM,21.11.2024 9:30
USD,11/21/2024,11:00 AM,21.11.2024 11:00
EUR,11/20/2024,5:00 AM,20.11.2024 5:00
USD,11/19/2024,9:30 AM,19.11.2024 9:30
USD,11/15/2024,9:30 AM,15.11.2024 9:30
USD,11/15/2024,9:30 AM,15.11.2024 9:30
USD,11/15/2024,9:30 AM,15.11.2024 9:30
USD,11/14/2024,9:30 AM,14.11.2024 9:30
USD,11/14/2024,9:30 AM,14.11.2024 9:30
USD,11/14/2024,9:30 AM,14.11.2024 9:30
USD,11/14/2024,2:01 PM,14.11.2024 14:01
USD,11/13/2024,9:30 AM,13.11.2024 9:30
USD,11/13/2024,9:30 AM,13.11.2024 9:30
USD,11/13/2024,9:30 AM,13.11.2024 9:30
USD,11/8/2024,11:00 AM,08.11.2024 11:00
USD,11/8/2024,11:00 AM,08.11.2024 11:00
USD,11/7/2024,9:30 AM,07.11.2024 9:30
USD,11/7/2024,3:00 PM,07.11.2024 15:00
USD,11/7/2024,3:00 PM,07.11.2024 15:00
USD,11/7/2024,3:30 PM,07.11.2024 15:30
USD,11/5/2024,10:45 AM,05.11.2024 10:45
USD,11/5/2024,11:00 AM,05.11.2024 11:00
USD,11/3/2024,4:00 AM,03.11.2024 4:00
USD,11/1/2024,8:30 AM,01.11.2024 8:30
USD,11/1/2024,8:30 AM,01.11.2024 8:30
USD,11/1/2024,8:30 AM,01.11.2024 8:30
USD,11/1/2024,10:00 AM,01.11.2024 10:00
USD,11/1/2024,10:00 AM,01.11.2024 10:00
EUR,10/31/2024,5:00 AM,31.10.2024 5:00
EUR,10/31/2024,5:00 AM,31.10.2024 5:00
USD,10/31/2024,8:30 AM,31.10.2024 8:30
USD,10/31/2024,8:30 AM,31.10.2024 8:30
USD,10/31/2024,8:30 AM,31.10.2024 8:30
USD,10/31/2024,9:45 AM,31.10.2024 9:45
EUR,10/30/2024,3:00 AM,30.10.2024 3:00
USD,10/30/2024,8:15 AM,30.10.2024 8:15
USD,10/30/2024,8:30 AM,30.10.2024 8:30
USD,10/30/2024,8:30 AM,30.10.2024 8:30
USD,10/30/2024,10:00 AM,30.10.2024 10:00
USD,10/29/2024,9:00 AM,29.10.2024 9:00
USD,10/29/2024,10:00 AM,29.10.2024 10:00
USD,10/29/2024,10:00 AM,29.10.2024 10:00
EUR,10/26/2024,10:00 PM,26.10.2024 22:00
USD,10/25/2024,8:30 AM,25.10.2024 8:30
USD,10/25/2024,8:30 AM,25.10.2024 8:30
USD,10/25/2024,10:00 AM,25.10.2024 10:00
EUR,10/24/2024,3:15 AM,24.10.2024 3:15
EUR,10/24/2024,3:15 AM,24.10.2024 3:15
EUR,10/24/2024,3:30 AM,24.10.2024 3:30
EUR,10/24/2024,3:30 AM,24.10.2024 3:30
EUR,10/24/2024,4:00 AM,24.10.2024 4:00
EUR,10/24/2024,4:00 AM,24.10.2024 4:00
USD,10/24/2024,8:30 AM,24.10.2024 8:30
USD,10/24/2024,9:45 AM,24.10.2024 9:45
USD,10/24/2024,9:45 AM,24.10.2024 9:45
USD,10/24/2024,10:00 AM,24.10.2024 10:00
USD,10/23/2024,10:00 AM,23.10.2024 10:00
USD,10/22/2024,10:00 AM,22.10.2024 10:00
EUR,10/21/2024,4:00 AM,21.10.2024 4:00
USD,10/18/2024,8:30 AM,18.10.2024 8:30
EUR,10/17/2024,8:15 AM,17.10.2024 8:15
EUR,10/17/2024,8:15 AM,17.10.2024 8:15
USD,10/17/2024,8:30 AM,17.10.2024 8:30
USD,10/17/2024,8:30 AM,17.10.2024 8:30
USD,10/17/2024,8:30 AM,17.10.2024 8:30
USD,10/17/2024,8:30 AM,17.10.2024 8:30
EUR,10/17/2024,8:45 AM,17.10.2024 8:45
USD,10/15/2024,8:30 AM,15.10.2024 8:30
USD,10/11/2024,8:30 AM,11.10.2024 8:30
USD,10/11/2024,8:30 AM,11.10.2024 8:30
USD,10/11/2024,10:00 AM,11.10.2024 10:00
USD,10/11/2024,10:00 AM,11.10.2024 10:00
USD,10/10/2024,8:30 AM,10.10.2024 8:30
USD,10/10/2024,8:30 AM,10.10.2024 8:30
USD,10/10/2024,8:30 AM,10.10.2024 8:30
USD,10/10/2024,8:30 AM,10.10.2024 8:30
USD,10/10/2024,1:01 PM,10.10.2024 13:01
USD,10/9/2024,2:00 PM,09.10.2024 14:00
USD,10/4/2024,8:30 AM,04.10.2024 8:30
USD,10/4/2024,8:30 AM,04.10.2024 8:30
USD,10/4/2024,8:30 AM,04.10.2024 8:30
USD,10/3/2024,8:30 AM,03.10.2024 8:30
USD,10/3/2024,9:45 AM,03.10.2024 9:45
USD,10/3/2024,10:00 AM,03.10.2024 10:00
USD,10/2/2024,8:15 AM,02.10.2024 8:15
EUR,10/1/2024,5:00 AM,01.10.2024 5:00
EUR,10/1/2024,5:00 AM,01.10.2024 5:00
USD,10/1/2024,10:00 AM,01.10.2024 10:00
USD,10/1/2024,10:00 AM,01.10.2024 10:00
USD,10/1/2024,10:00 AM,01.10.2024 10:00
USD,9/30/2024,9:45 AM,30.09.2024 9:45
EUR,9/27/2024,3:00 AM,27.09.2024 3:00
USD,9/27/2024,8:30 AM,27.09.2024 8:30
USD,9/27/2024,10:00 AM,27.09.2024 10:00
USD,9/26/2024,8:30 AM,26.09.2024 8:30
USD,9/26/2024,8:30 AM,26.09.2024 8:30
USD,9/26/2024,8:30 AM,26.09.2024 8:30
USD,9/26/2024,8:30 AM,26.09.2024 8:30
USD,9/26/2024,8:30 AM,26.09.2024 8:30
USD,9/26/2024,10:00 AM,26.09.2024 10:00
USD,9/25/2024,10:00 AM,25.09.2024 10:00
USD,9/24/2024,9:00 AM,24.09.2024 9:00
USD,9/24/2024,10:00 AM,24.09.2024 10:00
USD,9/24/2024,10:00 AM,24.09.2024 10:00
EUR,9/23/2024,3:15 AM,23.09.2024 3:15
EUR,9/23/2024,3:15 AM,23.09.2024 3:15
EUR,9/23/2024,3:30 AM,23.09.2024 3:30
EUR,9/23/2024,3:30 AM,23.09.2024 3:30
EUR,9/23/2024,4:00 AM,23.09.2024 4:00
EUR,9/23/2024,4:00 AM,23.09.2024 4:00
USD,9/23/2024,9:45 AM,23.09.2024 9:45
USD,9/23/2024,9:45 AM,23.09.2024 9:45
EUR,9/19/2024,4:00 AM,19.09.2024 4:00
USD,9/19/2024,8:30 AM,19.09.2024 8:30
USD,9/19/2024,8:30 AM,19.09.2024 8:30
USD,9/19/2024,10:00 AM,19.09.2024 10:00
USD,9/18/2024,8:30 AM,18.09.2024 8:30
USD,9/18/2024,2:00 PM,18.09.2024 14:00
USD,9/18/2024,2:00 PM,18.09.2024 14:00
USD,9/18/2024,2:00 PM,18.09.2024 14:00
USD,9/18/2024,2:30 PM,18.09.2024 14:30
USD,9/17/2024,8:30 AM,17.09.2024 8:30
USD,9/17/2024,8:30 AM,17.09.2024 8:30
USD,9/16/2024,8:30 AM,16.09.2024 8:30
USD,9/13/2024,10:00 AM,13.09.2024 10:00
USD,9/13/2024,10:00 AM,13.09.2024 10:00
EUR,9/12/2024,8:15 AM,12.09.2024 8:15
EUR,9/12/2024,8:15 AM,12.09.2024 8:15
USD,9/12/2024,8:30 AM,12.09.2024 8:30
USD,9/12/2024,8:30 AM,12.09.2024 8:30
USD,9/12/2024,8:30 AM,12.09.2024 8:30
EUR,9/12/2024,8:45 AM,12.09.2024 8:45
USD,9/12/2024,1:01 PM,12.09.2024 13:01
USD,9/11/2024,8:30 AM,11.09.2024 8:30
USD,9/11/2024,8:30 AM,11.09.2024 8:30
USD,9/11/2024,8:30 AM,11.09.2024 8:30
USD,9/6/2024,8:30 AM,06.09.2024 8:30
USD,9/6/2024,8:30 AM,06.09.2024 8:30
USD,9/6/2024,8:30 AM,06.09.2024 8:30
USD,9/6/2024,8:45 AM,06.09.2024 8:45
USD,9/5/2024,8:15 AM,05.09.2024 8:15
USD,9/5/2024,8:30 AM,05.09.2024 8:30
USD,9/5/2024,9:45 AM,05.09.2024 9:45
USD,9/5/2024,10:00 AM,05.09.2024 10:00
USD,9/4/2024,10:00 AM,04.09.2024 10:00
USD,9/3/2024,10:00 AM,03.09.2024 10:00
USD,9/3/2024,10:00 AM,03.09.2024 10:00
EUR,8/30/2024,5:00 AM,30.08.2024 5:00
EUR,8/30/2024,5:00 AM,30.08.2024 5:00
USD,8/30/2024,8:30 AM,30.08.2024 8:30
USD,8/30/2024,9:45 AM,30.08.2024 9:45
USD,8/30/2024,10:00 AM,30.08.2024 10:00
EUR,8/29/2024,3:00 AM,29.08.2024 3:00
USD,8/29/2024,8:30 AM,29.08.2024 8:30
USD,8/29/2024,8:30 AM,29.08.2024 8:30
USD,8/29/2024,8:30 AM,29.08.2024 8:30
USD,8/29/2024,10:00 AM,29.08.2024 10:00
USD,8/28/2024,1:15 AM,28.08.2024 1:15
USD,8/28/2024,10:30 AM,28.08.2024 10:30
USD,8/27/2024,9:00 AM,27.08.2024 9:00
USD,8/27/2024,9:59 AM,27.08.2024 9:59
USD,8/27/2024,10:00 AM,27.08.2024 10:00
EUR,8/26/2024,4:00 AM,26.08.2024 4:00
USD,8/26/2024,8:30 AM,26.08.2024 8:30
USD,8/26/2024,8:30 AM,26.08.2024 8:30
USD,8/23/2024,8:00 AM,23.08.2024 8:00
USD,8/23/2024,10:00 AM,23.08.2024 10:00
USD,8/23/2024,10:00 AM,23.08.2024 10:00
USD,8/23/2024,11:00 AM,23.08.2024 11:00
USD,8/23/2024,12:30 PM,23.08.2024 12:30
EUR,8/22/2024,3:15 AM,22.08.2024 3:15
EUR,8/22/2024,3:15 AM,22.08.2024 3:15
EUR,8/22/2024,3:30 AM,22.08.2024 3:30
EUR,8/22/2024,3:30 AM,22.08.2024 3:30
EUR,8/22/2024,4:00 AM,22.08.2024 4:00
EUR,8/22/2024,4:00 AM,22.08.2024 4:00
USD,8/22/2024,8:30 AM,22.08.2024 8:30
USD,8/22/2024,9:45 AM,22.08.2024 9:45
USD,8/22/2024,9:45 AM,22.08.2024 9:45
USD,8/22/2024,10:00 AM,22.08.2024 10:00
USD,8/21/2024,10:30 AM,21.08.2024 10:30
USD,8/21/2024,2:00 PM,21.08.2024 14:00
USD,8/19/2024,9:15 AM,19.08.2024 9:15
USD,8/16/2024,8:30 AM,16.08.2024 8:30
USD,8/16/2024,10:00 AM,16.08.2024 10:00
USD,8/16/2024,10:00 AM,16.08.2024 10:00
USD,8/15/2024,8:30 AM,15.08.2024 8:30
USD,8/15/2024,8:30 AM,15.08.2024 8:30
USD,8/15/2024,8:30 AM,15.08.2024 8:30
USD,8/15/2024,8:30 AM,15.08.2024 8:30
USD,8/15/2024,8:30 AM,15.08.2024 8:30
USD,8/14/2024,8:30 AM,14.08.2024 8:30
USD,8/14/2024,8:30 AM,14.08.2024 8:30
USD,8/14/2024,8:30 AM,14.08.2024 8:30
USD,8/13/2024,8:30 AM,13.08.2024 8:30
USD,8/13/2024,8:30 AM,13.08.2024 8:30
USD,8/8/2024,8:30 AM,08.08.2024 8:30
USD,8/8/2024,1:01 PM,08.08.2024 13:01
USD,8/7/2024,1:01 PM,07.08.2024 13:01
USD,8/5/2024,9:45 AM,05.08.2024 9:45
USD,8/5/2024,10:00 AM,05.08.2024 10:00
USD,8/2/2024,8:30 AM,02.08.2024 8:30
USD,8/2/2024,8:30 AM,02.08.2024 8:30
USD,8/2/2024,8:30 AM,02.08.2024 8:30
USD,8/1/2024,8:30 AM,01.08.2024 8:30
USD,8/1/2024,9:45 AM,01.08.2024 9:45
USD,8/1/2024,10:00 AM,01.08.2024 10:00
USD,8/1/2024,10:00 AM,01.08.2024 10:00
EUR,7/31/2024,5:00 AM,31.07.2024 5:00
EUR,7/31/2024,5:00 AM,31.07.2024 5:00
USD,7/31/2024,8:15 AM,31.07.2024 8:15
USD,7/31/2024,8:30 AM,31.07.2024 8:30
USD,7/31/2024,9:45 AM,31.07.2024 9:45
USD,7/31/2024,10:00 AM,31.07.2024 10:00
USD,7/31/2024,2:00 PM,31.07.2024 14:00
USD,7/31/2024,2:00 PM,31.07.2024 14:00
USD,7/31/2024,2:30 PM,31.07.2024 14:30
EUR,7/30/2024,3:00 AM,30.07.2024 3:00
USD,7/30/2024,9:00 AM,30.07.2024 9:00
USD,7/30/2024,10:00 AM,30.07.2024 10:00
USD,7/30/2024,10:00 AM,30.07.2024 10:00
USD,7/26/2024,8:30 AM,26.07.2024 8:30
USD,7/26/2024,10:00 AM,26.07.2024 10:00
EUR,7/25/2024,4:00 AM,25.07.2024 4:00
USD,7/25/2024,8:30 AM,25.07.2024 8:30
USD,7/25/2024,8:30 AM,25.07.2024 8:30
USD,7/25/2024,8:30 AM,25.07.2024 8:30
USD,7/25/2024,8:30 AM,25.07.2024 8:30
USD,7/25/2024,8:30 AM,25.07.2024 8:30
EUR,7/25/2024,11:00 AM,25.07.2024 11:00
EUR,7/24/2024,3:15 AM,24.07.2024 3:15
EUR,7/24/2024,3:15 AM,24.07.2024 3:15
EUR,7/24/2024,3:30 AM,24.07.2024 3:30
EUR,7/24/2024,3:30 AM,24.07.2024 3:30
EUR,7/24/2024,4:00 AM,24.07.2024 4:00
EUR,7/24/2024,4:00 AM,24.07.2024 4:00
USD,7/24/2024,9:45 AM,24.07.2024 9:45
USD,7/24/2024,9:45 AM,24.07.2024 9:45
USD,7/24/2024,10:00 AM,24.07.2024 10:00
USD,7/23/2024,9:59 AM,23.07.2024 9:59
USD,7/23/2024,10:00 AM,23.07.2024 10:00
USD,7/19/2024,10:40 AM,19.07.2024 10:40
EUR,7/18/2024,8:15 AM,18.07.2024 8:15
EUR,7/18/2024,8:15 AM,18.07.2024 8:15
USD,7/18/2024,8:30 AM,18.07.2024 8:30
USD,7/18/2024,8:30 AM,18.07.2024 8:30
EUR,7/18/2024,8:45 AM,18.07.2024 8:45
USD,7/18/2024,6:05 PM,18.07.2024 18:05
USD,7/17/2024,8:30 AM,17.07.2024 8:30
USD,7/17/2024,9:15 AM,17.07.2024 9:15
USD,7/17/2024,9:35 AM,17.07.2024 9:35
USD,7/16/2024,8:30 AM,16.07.2024 8:30
USD,7/16/2024,8:30 AM,16.07.2024 8:30
USD,7/15/2024,8:30 AM,15.07.2024 8:30
USD,7/15/2024,12:30 PM,15.07.2024 12:30
USD,7/12/2024,8:30 AM,12.07.2024 8:30
USD,7/12/2024,8:30 AM,12.07.2024 8:30
USD,7/12/2024,10:00 AM,12.07.2024 10:00
USD,7/12/2024,10:00 AM,12.07.2024 10:00
USD,7/11/2024,8:30 AM,11.07.2024 8:30
USD,7/11/2024,8:30 AM,11.07.2024 8:30
USD,7/11/2024,8:30 AM,11.07.2024 8:30
USD,7/11/2024,8:30 AM,11.07.2024 8:30
USD,7/11/2024,1:01 PM,11.07.2024 13:01
USD,7/10/2024,10:00 AM,10.07.2024 10:00
USD,7/10/2024,1:01 PM,10.07.2024 13:01
USD,7/9/2024,10:00 AM,09.07.2024 10:00
USD,7/9/2024,10:00 AM,09.07.2024 10:00
USD,7/5/2024,8:30 AM,05.07.2024 8:30
USD,7/5/2024,8:30 AM,05.07.2024 8:30
USD,7/5/2024,8:30 AM,05.07.2024 8:30
EUR,7/5/2024,1:15 PM,05.07.2024 13:15
USD,7/3/2024,8:15 AM,03.07.2024 8:15
USD,7/3/2024,8:30 AM,03.07.2024 8:30
USD,7/3/2024,9:45 AM,03.07.2024 9:45
USD,7/3/2024,10:00 AM,03.07.2024 10:00
EUR,7/3/2024,10:15 AM,03.07.2024 10:15
USD,7/3/2024,2:00 PM,03.07.2024 14:00
EUR,7/2/2024,5:00 AM,02.07.2024 5:00
EUR,7/2/2024,5:00 AM,02.07.2024 5:00
EUR,7/2/2024,9:30 AM,02.07.2024 9:30
USD,7/2/2024,9:30 AM,02.07.2024 9:30
USD,7/2/2024,10:00 AM,02.07.2024 10:00
USD,7/1/2024,9:45 AM,01.07.2024 9:45
USD,7/1/2024,10:00 AM,01.07.2024 10:00
USD,7/1/2024,10:00 AM,01.07.2024 10:00
EUR,7/1/2024,3:00 PM,01.07.2024 15:00
EUR,6/28/2024,2:45 AM,28.06.2024 2:45
EUR,6/28/2024,3:00 AM,28.06.2024 3:00
USD,6/28/2024,8:30 AM,28.06.2024 8:30
USD,6/28/2024,9:45 AM,28.06.2024 9:45
USD,6/28/2024,10:00 AM,28.06.2024 10:00
USD,6/27/2024,8:30 AM,27.06.2024 8:30
USD,6/27/2024,8:30 AM,27.06.2024 8:30
USD,6/27/2024,8:30 AM,27.06.2024 8:30
USD,6/27/2024,8:30 AM,27.06.2024 8:30
USD,6/27/2024,8:30 AM,27.06.2024 8:30
USD,6/27/2024,10:00 AM,27.06.2024 10:00
USD,6/27/2024,9:00 PM,27.06.2024 21:00
USD,6/26/2024,10:00 AM,26.06.2024 10:00
USD,6/25/2024,9:00 AM,25.06.2024 9:00
USD,6/25/2024,9:59 AM,25.06.2024 9:59
USD,6/25/2024,10:00 AM,25.06.2024 10:00
USD,6/24/2024,3:00 AM,24.06.2024 3:00
EUR,6/24/2024,4:00 AM,24.06.2024 4:00
EUR,6/21/2024,3:15 AM,21.06.2024 3:15
EUR,6/21/2024,3:15 AM,21.06.2024 3:15
EUR,6/21/2024,3:30 AM,21.06.2024 3:30
EUR,6/21/2024,3:30 AM,21.06.2024 3:30
EUR,6/21/2024,4:00 AM,21.06.2024 4:00
EUR,6/21/2024,4:00 AM,21.06.2024 4:00
USD,6/21/2024,9:45 AM,21.06.2024 9:45
USD,6/21/2024,9:45 AM,21.06.2024 9:45
USD,6/21/2024,10:00 AM,21.06.2024 10:00
USD,6/20/2024,8:30 AM,20.06.2024 8:30
USD,6/20/2024,8:30 AM,20.06.2024 8:30
USD,6/20/2024,8:30 AM,20.06.2024 8:30
USD,6/20/2024,4:00 PM,20.06.2024 16:00
USD,6/18/2024,8:30 AM,18.06.2024 8:30
USD,6/18/2024,8:30 AM,18.06.2024 8:30
USD,6/18/2024,9:15 AM,18.06.2024 9:15
USD,6/17/2024,8:30 AM,17.06.2024 8:30
USD,6/14/2024,10:00 AM,14.06.2024 10:00
USD,6/14/2024,10:00 AM,14.06.2024 10:00
EUR,6/14/2024,1:30 PM,14.06.2024 13:30
USD,6/13/2024,8:30 AM,13.06.2024 8:30
USD,6/13/2024,8:30 AM,13.06.2024 8:30
USD,6/13/2024,8:30 AM,13.06.2024 8:30
USD,6/13/2024,12:00 PM,13.06.2024 12:00
USD,6/13/2024,1:01 PM,13.06.2024 13:01
USD,6/12/2024,8:30 AM,12.06.2024 8:30
USD,6/12/2024,8:30 AM,12.06.2024 8:30
USD,6/12/2024,8:30 AM,12.06.2024 8:30
USD,6/12/2024,2:00 PM,12.06.2024 14:00
USD,6/12/2024,2:00 PM,12.06.2024 14:00
USD,6/12/2024,2:00 PM,12.06.2024 14:00
USD,6/12/2024,2:30 PM,12.06.2024 14:30
USD,6/11/2024,1:01 PM,11.06.2024 13:01
USD,6/7/2024,8:30 AM,07.06.2024 8:30
USD,6/7/2024,8:30 AM,07.06.2024 8:30
USD,6/7/2024,8:30 AM,07.06.2024 8:30
EUR,6/6/2024,8:15 AM,06.06.2024 8:15
EUR,6/6/2024,8:15 AM,06.06.2024 8:15
USD,6/6/2024,8:30 AM,06.06.2024 8:30
EUR,6/6/2024,8:45 AM,06.06.2024 8:45
USD,6/5/2024,8:15 AM,05.06.2024 8:15
USD,6/5/2024,9:45 AM,05.06.2024 9:45
USD,6/5/2024,10:00 AM,05.06.2024 10:00
USD,6/4/2024,10:00 AM,04.06.2024 10:00
USD,6/3/2024,9:45 AM,03.06.2024 9:45
USD,6/3/2024,10:00 AM,03.06.2024 10:00
USD,6/3/2024,10:00 AM,03.06.2024 10:00
EUR,5/31/2024,5:00 AM,31.05.2024 5:00
EUR,5/31/2024,5:00 AM,31.05.2024 5:00
USD,5/31/2024,8:30 AM,31.05.2024 8:30
USD,5/31/2024,9:45 AM,31.05.2024 9:45
EUR,5/30/2024,3:00 AM,30.05.2024 3:00
USD,5/30/2024,8:30 AM,30.05.2024 8:30
USD,5/30/2024,8:30 AM,30.05.2024 8:30
USD,5/30/2024,8:30 AM,30.05.2024 8:30
USD,5/30/2024,10:00 AM,30.05.2024 10:00
USD,5/29/2024,9:59 AM,29.05.2024 9:59
USD,5/28/2024,9:00 AM,28.05.2024 9:00
USD,5/28/2024,10:00 AM,28.05.2024 10:00
EUR,5/27/2024,4:00 AM,27.05.2024 4:00
USD,5/24/2024,8:30 AM,24.05.2024 8:30
USD,5/24/2024,8:30 AM,24.05.2024 8:30
USD,5/24/2024,9:35 AM,24.05.2024 9:35
USD,5/24/2024,10:00 AM,24.05.2024 10:00
EUR,5/23/2024,3:15 AM,23.05.2024 3:15
EUR,5/23/2024,3:15 AM,23.05.2024 3:15
EUR,5/23/2024,3:30 AM,23.05.2024 3:30
EUR,5/23/2024,3:30 AM,23.05.2024 3:30
EUR,5/23/2024,4:00 AM,23.05.2024 4:00
EUR,5/23/2024,4:00 AM,23.05.2024 4:00
USD,5/23/2024,8:30 AM,23.05.2024 8:30
USD,5/23/2024,9:45 AM,23.05.2024 9:45
USD,5/23/2024,9:45 AM,23.05.2024 9:45
USD,5/23/2024,10:00 AM,23.05.2024 10:00
USD,5/22/2024,10:00 AM,22.05.2024 10:00
USD,5/22/2024,2:00 PM,22.05.2024 14:00
EUR,5/21/2024,4:00 AM,21.05.2024 4:00
USD,5/21/2024,4:00 AM,21.05.2024 4:00
USD,5/21/2024,9:00 AM,21.05.2024 9:00
USD,5/20/2024,9:00 AM,20.05.2024 9:00
USD,5/19/2024,3:30 PM,19.05.2024 15:30
USD,5/17/2024,10:15 AM,17.05.2024 10:15
EUR,5/16/2024,4:00 AM,16.05.2024 4:00
USD,5/16/2024,8:30 AM,16.05.2024 8:30
USD,5/16/2024,8:30 AM,16.05.2024 8:30
USD,5/16/2024,8:30 AM,16.05.2024 8:30
USD,5/16/2024,9:15 AM,16.05.2024 9:15
USD,5/15/2024,8:30 AM,15.05.2024 8:30
USD,5/15/2024,8:30 AM,15.05.2024 8:30
USD,5/15/2024,8:30 AM,15.05.2024 8:30
USD,5/15/2024,8:30 AM,15.05.2024 8:30
USD,5/15/2024,8:30 AM,15.05.2024 8:30
USD,5/15/2024,8:30 AM,15.05.2024 8:30
USD,5/14/2024,8:30 AM,14.05.2024 8:30
USD,5/14/2024,8:30 AM,14.05.2024 8:30
USD,5/14/2024,10:00 AM,14.05.2024 10:00
USD,5/10/2024,10:00 AM,10.05.2024 10:00
USD,5/10/2024,10:00 AM,10.05.2024 10:00
USD,5/9/2024,8:30 AM,09.05.2024 8:30
USD,5/9/2024,1:01 PM,09.05.2024 13:01
USD,5/8/2024,1:01 PM,08.05.2024 13:01
USD,5/3/2024,8:30 AM,03.05.2024 8:30
USD,5/3/2024,8:30 AM,03.05.2024 8:30
USD,5/3/2024,8:30 AM,03.05.2024 8:30
USD,5/3/2024,9:45 AM,03.05.2024 9:45
USD,5/3/2024,10:00 AM,03.05.2024 10:00
USD,5/2/2024,8:30 AM,02.05.2024 8:30
USD,5/1/2024,8:15 AM,01.05.2024 8:15
USD,5/1/2024,9:45 AM,01.05.2024 9:45
USD,5/1/2024,10:00 AM,01.05.2024 10:00
USD,5/1/2024,10:00 AM,01.05.2024 10:00
USD,5/1/2024,10:00 AM,01.05.2024 10:00
USD,5/1/2024,2:00 PM,01.05.2024 14:00
USD,5/1/2024,2:00 PM,01.05.2024 14:00
USD,5/1/2024,2:30 PM,01.05.2024 14:30
EUR,4/30/2024,5:00 AM,30.04.2024 5:00
EUR,4/30/2024,5:00 AM,30.04.2024 5:00
USD,4/30/2024,8:30 AM,30.04.2024 8:30
USD,4/30/2024,9:00 AM,30.04.2024 9:00
USD,4/30/2024,9:45 AM,30.04.2024 9:45
USD,4/30/2024,10:00 AM,30.04.2024 10:00
EUR,4/29/2024,3:00 AM,29.04.2024 3:00
USD,4/26/2024,8:30 AM,26.04.2024 8:30
USD,4/26/2024,10:00 AM,26.04.2024 10:00
USD,4/25/2024,8:30 AM,25.04.2024 8:30
USD,4/25/2024,8:30 AM,25.04.2024 8:30
USD,4/25/2024,8:30 AM,25.04.2024 8:30
USD,4/25/2024,10:00 AM,25.04.2024 10:00
EUR,4/24/2024,4:00 AM,24.04.2024 4:00
USD,4/24/2024,8:30 AM,24.04.2024 8:30
USD,4/24/2024,8:30 AM,24.04.2024 8:30
EUR,4/23/2024,3:15 AM,23.04.2024 3:15
EUR,4/23/2024,3:15 AM,23.04.2024 3:15
EUR,4/23/2024,3:30 AM,23.04.2024 3:30
EUR,4/23/2024,3:30 AM,23.04.2024 3:30
EUR,4/23/2024,4:00 AM,23.04.2024 4:00
EUR,4/23/2024,4:00 AM,23.04.2024 4:00
USD,4/23/2024,9:45 AM,23.04.2024 9:45
USD,4/23/2024,9:45 AM,23.04.2024 9:45
USD,4/23/2024,9:59 AM,23.04.2024 9:59
USD,4/23/2024,10:00 AM,23.04.2024 10:00
EUR,4/22/2024,11:30 AM,22.04.2024 11:30
USD,4/18/2024,8:30 AM,18.04.2024 8:30
USD,4/18/2024,8:30 AM,18.04.2024 8:30
USD,4/18/2024,10:00 AM,18.04.2024 10:00
EUR,4/17/2024,2:00 PM,17.04.2024 14:00
USD,4/17/2024,5:30 PM,17.04.2024 17:30
USD,4/16/2024,8:30 AM,16.04.2024 8:30
USD,4/16/2024,9:15 AM,16.04.2024 9:15
USD,4/16/2024,1:00 PM,16.04.2024 13:00
USD,4/16/2024,1:15 PM,16.04.2024 13:15
USD,4/15/2024,8:30 AM,15.04.2024 8:30
USD,4/15/2024,8:30 AM,15.04.2024 8:30
USD,4/15/2024,8:30 AM,15.04.2024 8:30
USD,4/12/2024,10:00 AM,12.04.2024 10:00
USD,4/12/2024,10:00 AM,12.04.2024 10:00
EUR,4/11/2024,8:15 AM,11.04.2024 8:15
EUR,4/11/2024,8:15 AM,11.04.2024 8:15
USD,4/11/2024,8:30 AM,11.04.2024 8:30
USD,4/11/2024,8:30 AM,11.04.2024 8:30
USD,4/11/2024,8:30 AM,11.04.2024 8:30
EUR,4/11/2024,8:45 AM,11.04.2024 8:45
USD,4/11/2024,10:00 AM,11.04.2024 10:00
USD,4/11/2024,1:01 PM,11.04.2024 13:01
USD,4/10/2024,8:30 AM,10.04.2024 8:30
USD,4/10/2024,8:30 AM,10.04.2024 8:30
USD,4/10/2024,8:30 AM,10.04.2024 8:30
USD,4/10/2024,12:45 PM,10.04.2024 12:45
USD,4/10/2024,1:01 PM,10.04.2024 13:01
USD,4/10/2024,2:00 PM,10.04.2024 14:00
USD,4/5/2024,8:30 AM,05.04.2024 8:30
USD,4/5/2024,8:30 AM,05.04.2024 8:30
USD,4/5/2024,8:30 AM,05.04.2024 8:30
USD,4/4/2024,8:30 AM,04.04.2024 8:30
USD,4/4/2024,12:15 PM,04.04.2024 12:15
USD,4/4/2024,2:00 PM,04.04.2024 14:00
EUR,4/3/2024,5:00 AM,03.04.2024 5:00
EUR,4/3/2024,5:00 AM,03.04.2024 5:00
USD,4/3/2024,8:15 AM,03.04.2024 8:15
USD,4/3/2024,9:45 AM,03.04.2024 9:45
USD,4/3/2024,10:00 AM,03.04.2024 10:00
USD,4/3/2024,12:10 PM,03.04.2024 12:10
USD,4/2/2024,10:00 AM,02.04.2024 10:00
USD,4/2/2024,12:05 PM,02.04.2024 12:05
USD,4/1/2024,10:00 AM,01.04.2024 10:00
USD,4/1/2024,10:00 AM,01.04.2024 10:00
EUR,3/30/2024,9:00 PM,30.03.2024 21:00
USD,3/29/2024,8:30 AM,29.03.2024 8:30
USD,3/29/2024,11:30 AM,29.03.2024 11:30
USD,3/28/2024,8:30 AM,28.03.2024 8:30
USD,3/28/2024,8:30 AM,28.03.2024 8:30
USD,3/28/2024,8:30 AM,28.03.2024 8:30
USD,3/28/2024,9:45 AM,28.03.2024 9:45
USD,3/28/2024,10:00 AM,28.03.2024 10:00
USD,3/28/2024,10:00 AM,28.03.2024 10:00
EUR,3/27/2024,4:00 AM,27.03.2024 4:00
USD,3/27/2024,6:00 PM,27.03.2024 18:00
USD,3/26/2024,8:30 AM,26.03.2024 8:30
USD,3/26/2024,8:30 AM,26.03.2024 8:30
USD,3/26/2024,9:00 AM,26.03.2024 9:00
USD,3/26/2024,9:59 AM,26.03.2024 9:59
USD,3/26/2024,10:00 AM,26.03.2024 10:00
USD,3/25/2024,10:00 AM,25.03.2024 10:00
EUR,3/22/2024,5:00 AM,22.03.2024 5:00
USD,3/22/2024,9:00 AM,22.03.2024 9:00
EUR,3/21/2024,4:15 AM,21.03.2024 4:15
EUR,3/21/2024,4:15 AM,21.03.2024 4:15
EUR,3/21/2024,4:30 AM,21.03.2024 4:30
EUR,3/21/2024,4:30 AM,21.03.2024 4:30
EUR,3/21/2024,5:00 AM,21.03.2024 5:00
EUR,3/21/2024,5:00 AM,21.03.2024 5:00
USD,3/21/2024,8:30 AM,21.03.2024 8:30
USD,3/21/2024,8:30 AM,21.03.2024 8:30
USD,3/21/2024,9:45 AM,21.03.2024 9:45
USD,3/21/2024,9:45 AM,21.03.2024 9:45
USD,3/21/2024,10:00 AM,21.03.2024 10:00
EUR,3/20/2024,4:45 AM,20.03.2024 4:45
USD,3/20/2024,2:00 PM,20.03.2024 14:00
USD,3/20/2024,2:00 PM,20.03.2024 14:00
USD,3/20/2024,2:00 PM,20.03.2024 14:00
USD,3/20/2024,2:30 PM,20.03.2024 14:30
USD,3/19/2024,8:30 AM,19.03.2024 8:30
USD,3/15/2024,8:30 AM,15.03.2024 8:30
USD,3/15/2024,9:15 AM,15.03.2024 9:15
USD,3/15/2024,10:00 AM,15.03.2024 10:00
USD,3/15/2024,10:00 AM,15.03.2024 10:00
USD,3/14/2024,8:30 AM,14.03.2024 8:30
USD,3/14/2024,8:30 AM,14.03.2024 8:30
USD,3/14/2024,8:30 AM,14.03.2024 8:30
USD,3/14/2024,8:30 AM,14.03.2024 8:30
USD,3/14/2024,8:30 AM,14.03.2024 8:30
USD,3/13/2024,1:01 PM,13.03.2024 13:01
USD,3/12/2024,8:30 AM,12.03.2024 8:30
USD,3/12/2024,8:30 AM,12.03.2024 8:30
USD,3/12/2024,8:30 AM,12.03.2024 8:30
USD,3/12/2024,1:01 PM,12.03.2024 13:01
USD,3/10/2024,3:00 AM,10.03.2024 3:00
USD,3/8/2024,9:30 AM,08.03.2024 9:30
USD,3/8/2024,9:30 AM,08.03.2024 9:30
USD,3/8/2024,9:30 AM,08.03.2024 9:30
EUR,3/7/2024,9:15 AM,07.03.2024 9:15
EUR,3/7/2024,9:15 AM,07.03.2024 9:15
USD,3/7/2024,9:30 AM,07.03.2024 9:30
EUR,3/7/2024,9:45 AM,07.03.2024 9:45
USD,3/7/2024,11:00 AM,07.03.2024 11:00
USD,3/7/2024,12:30 PM,07.03.2024 12:30
USD,3/6/2024,9:15 AM,06.03.2024 9:15
USD,3/6/2024,11:00 AM,06.03.2024 11:00
USD,3/6/2024,11:00 AM,06.03.2024 11:00
USD,3/5/2024,11:00 AM,05.03.2024 11:00
EUR,3/1/2024,6:00 AM,01.03.2024 6:00
EUR,3/1/2024,6:00 AM,01.03.2024 6:00
USD,3/1/2024,11:00 AM,01.03.2024 11:00
USD,3/1/2024,11:00 AM,01.03.2024 11:00
USD,3/1/2024,11:00 AM,01.03.2024 11:00
USD,3/1/2024,11:15 AM,01.03.2024 11:15
EUR,2/29/2024,4:00 AM,29.02.2024 4:00
USD,2/29/2024,9:30 AM,29.02.2024 9:30
USD,2/29/2024,9:30 AM,29.02.2024 9:30
USD,2/29/2024,10:45 AM,29.02.2024 10:45
USD,2/29/2024,11:00 AM,29.02.2024 11:00
USD,2/29/2024,2:15 PM,29.02.2024 14:15
USD,2/28/2024,9:30 AM,28.02.2024 9:30
USD,2/28/2024,9:30 AM,28.02.2024 9:30
USD,2/27/2024,9:30 AM,27.02.2024 9:30
USD,2/27/2024,9:30 AM,27.02.2024 9:30
USD,2/27/2024,10:00 AM,27.02.2024 10:00
USD,2/27/2024,10:59 AM,27.02.2024 10:59
USD,2/27/2024,11:00 AM,27.02.2024 11:00
USD,2/26/2024,11:00 AM,26.02.2024 11:00
EUR,2/26/2024,12:00 PM,26.02.2024 12:00
EUR,2/23/2024,5:00 AM,23.02.2024 5:00
EUR,2/22/2024,4:15 AM,22.02.2024 4:15
EUR,2/22/2024,4:15 AM,22.02.2024 4:15
EUR,2/22/2024,4:30 AM,22.02.2024 4:30
EUR,2/22/2024,4:30 AM,22.02.2024 4:30
EUR,2/22/2024,5:00 AM,22.02.2024 5:00
EUR,2/22/2024,5:00 AM,22.02.2024 5:00
USD,2/22/2024,9:30 AM,22.02.2024 9:30
USD,2/22/2024,10:45 AM,22.02.2024 10:45
USD,2/22/2024,10:45 AM,22.02.2024 10:45
USD,2/22/2024,11:00 AM,22.02.2024 11:00
USD,2/22/2024,8:35 PM,22.02.2024 20:35
USD,2/21/2024,10:10 AM,21.02.2024 10:10
USD,2/21/2024,3:00 PM,21.02.2024 15:00
USD,2/16/2024,9:30 AM,16.02.2024 9:30
USD,2/16/2024,9:30 AM,16.02.2024 9:30
USD,2/16/2024,9:30 AM,16.02.2024 9:30
USD,2/16/2024,11:00 AM,16.02.2024 11:00
USD,2/16/2024,11:00 AM,16.02.2024 11:00
EUR,2/15/2024,4:00 AM,15.02.2024 4:00
USD,2/15/2024,9:30 AM,15.02.2024 9:30
USD,2/15/2024,9:30 AM,15.02.2024 9:30
USD,2/15/2024,9:30 AM,15.02.2024 9:30
USD,2/15/2024,9:30 AM,15.02.2024 9:30
USD,2/15/2024,9:30 AM,15.02.2024 9:30
USD,2/15/2024,10:15 AM,15.02.2024 10:15
USD,2/15/2024,2:15 PM,15.02.2024 14:15
USD,2/13/2024,9:30 AM,13.02.2024 9:30
USD,2/13/2024,9:30 AM,13.02.2024 9:30
USD,2/13/2024,9:30 AM,13.02.2024 9:30
USD,2/12/2024,1:00 PM,12.02.2024 13:00
USD,2/8/2024,9:30 AM,08.02.2024 9:30
USD,2/8/2024,9:30 AM,08.02.2024 9:30
USD,2/8/2024,1:05 PM,08.02.2024 13:05
USD,2/8/2024,2:01 PM,08.02.2024 14:01
USD,2/7/2024,12:00 PM,07.02.2024 12:00
USD,2/7/2024,1:30 PM,07.02.2024 13:30
USD,2/7/2024,2:01 PM,07.02.2024 14:01
USD,2/6/2024,1:00 PM,06.02.2024 13:00
USD,2/5/2024,11:00 AM,05.02.2024 11:00
USD,2/4/2024,8:00 PM,04.02.2024 20:00
USD,2/2/2024,9:30 AM,02.02.2024 9:30
USD,2/2/2024,9:30 AM,02.02.2024 9:30
USD,2/2/2024,9:30 AM,02.02.2024 9:30
USD,2/2/2024,11:00 AM,02.02.2024 11:00
EUR,2/1/2024,4:00 AM,01.02.2024 4:00
EUR,2/1/2024,6:00 AM,01.02.2024 6:00
EUR,2/1/2024,6:00 AM,01.02.2024 6:00
USD,2/1/2024,9:30 AM,01.02.2024 9:30
USD,2/1/2024,11:00 AM,01.02.2024 11:00
USD,2/1/2024,11:00 AM,01.02.2024 11:00
USD,1/31/2024,9:15 AM,31.01.2024 9:15
USD,1/31/2024,9:30 AM,31.01.2024 9:30
USD,1/31/2024,10:45 AM,31.01.2024 10:45
USD,1/31/2024,3:00 PM,31.01.2024 15:00
USD,1/31/2024,3:00 PM,31.01.2024 15:00
USD,1/31/2024,3:30 PM,31.01.2024 15:30
EUR,1/30/2024,4:00 AM,30.01.2024 4:00
USD,1/30/2024,10:00 AM,30.01.2024 10:00
USD,1/30/2024,11:00 AM,30.01.2024 11:00
USD,1/30/2024,11:00 AM,30.01.2024 11:00
USD,1/26/2024,9:30 AM,26.01.2024 9:30
USD,1/26/2024,11:00 AM,26.01.2024 11:00
EUR,1/25/2024,5:00 AM,25.01.2024 5:00
EUR,1/25/2024,9:15 AM,25.01.2024 9:15
EUR,1/25/2024,9:15 AM,25.01.2024 9:15
USD,1/25/2024,9:30 AM,25.01.2024 9:30
USD,1/25/2024,9:30 AM,25.01.2024 9:30
USD,1/25/2024,9:30 AM,25.01.2024 9:30
USD,1/25/2024,9:30 AM,25.01.2024 9:30
USD,1/25/2024,9:30 AM,25.01.2024 9:30
EUR,1/25/2024,9:45 AM,25.01.2024 9:45
USD,1/25/2024,11:00 AM,25.01.2024 11:00
EUR,1/24/2024,4:15 AM,24.01.2024 4:15
EUR,1/24/2024,4:15 AM,24.01.2024 4:15
EUR,1/24/2024,4:30 AM,24.01.2024 4:30
EUR,1/24/2024,4:30 AM,24.01.2024 4:30
EUR,1/24/2024,5:00 AM,24.01.2024 5:00
EUR,1/24/2024,5:00 AM,24.01.2024 5:00
USD,1/24/2024,10:45 AM,24.01.2024 10:45
USD,1/24/2024,10:45 AM,24.01.2024 10:45
USD,1/23/2024,10:59 AM,23.01.2024 10:59
EUR,1/19/2024,6:00 AM,19.01.2024 6:00
USD,1/19/2024,11:00 AM,19.01.2024 11:00
USD,1/19/2024,11:00 AM,19.01.2024 11:00
USD,1/19/2024,11:00 AM,19.01.2024 11:00
USD,1/18/2024,9:30 AM,18.01.2024 9:30
USD,1/18/2024,9:30 AM,18.01.2024 9:30
USD,1/18/2024,9:30 AM,18.01.2024 9:30
EUR,1/18/2024,11:15 AM,18.01.2024 11:15
USD,1/17/2024,9:30 AM,17.01.2024 9:30
USD,1/17/2024,9:30 AM,17.01.2024 9:30
USD,1/17/2024,10:15 AM,17.01.2024 10:15
EUR,1/17/2024,11:15 AM,17.01.2024 11:15
USD,1/16/2024,9:30 AM,16.01.2024 9:30
USD,1/12/2024,9:30 AM,12.01.2024 9:30
USD,1/12/2024,9:30 AM,12.01.2024 9:30
USD,1/11/2024,9:30 AM,11.01.2024 9:30
USD,1/11/2024,9:30 AM,11.01.2024 9:30
USD,1/11/2024,9:30 AM,11.01.2024 9:30
USD,1/11/2024,9:30 AM,11.01.2024 9:30
USD,1/11/2024,2:01 PM,11.01.2024 14:01
USD,1/10/2024,2:01 PM,10.01.2024 14:01
EUR,1/5/2024,6:00 AM,05.01.2024 6:00
EUR,1/5/2024,6:00 AM,05.01.2024 6:00
USD,1/5/2024,9:30 AM,05.01.2024 9:30
USD,1/5/2024,9:30 AM,05.01.2024 9:30
USD,1/5/2024,9:30 AM,05.01.2024 9:30
USD,1/5/2024,11:00 AM,05.01.2024 11:00
USD,1/5/2024,2:30 PM,05.01.2024 14:30
USD,1/4/2024,9:15 AM,04.01.2024 9:15
USD,1/4/2024,9:30 AM,04.01.2024 9:30
USD,1/3/2024,9:30 AM,03.01.2024 9:30
USD,1/3/2024,11:00 AM,03.01.2024 11:00
USD,1/3/2024,11:00 AM,03.01.2024 11:00
USD,1/3/2024,11:00 AM,03.01.2024 11:00
USD,1/3/2024,3:00 PM,03.01.2024 15:00
